N° da Ligação,Localidade
5000000,CORDEIRO
5000007,CANTAGALO
5000014,CANTAGALO
5000021,RIO BONITO
5000028,CORDEIRO
5000035,MIRACEMA
5000042,CANTAGALO
5000049,CANTAGALO
5000056,ITAOCARÁ
5000063,CANTAGALO
5000070,ITAOCARÁ
5000077,ITAOCARÁ
5000084,ITAOCARÁ
5000091,CANTAGALO
5000098,MIRACEMA
5000105,CANTAGALO
5000112,CORDEIRO
5000119,ITAOCARÁ
5000126,APERIBÉ
5000133,ITAOCARÁ
5000140,ITAOCARÁ
5000147,ITAOCARÁ
5000154,MIRACEMA
5000161,MIRACEMA
5000168,RIO BONITO
5000175,RIO BONITO
5000182,ITAOCARÁ
5000189,RIO BONITO
5000196,CANTAGALO
5000203,CORDEIRO
5000210,MIRACEMA
5000217,CANTAGALO
5000224,MIRACEMA
5000231,APERIBÉ
5000238,RIO BONITO
5000245,ITAOCARÁ
5000252,CANTAGALO
5000259,CORDEIRO
5000266,ITAOCARÁ
5000273,APERIBÉ
5000280,APERIBÉ
5000287,APERIBÉ
5000294,CANTAGALO
5000301,CANTAGALO
5000308,CORDEIRO
5000315,CANTAGALO
5000322,ITAOCARÁ
5000329,CANTAGALO
5000336,CANTAGALO
5000343,RIO BONITO
5000350,MIRACEMA
5000357,APERIBÉ
5000364,RIO BONITO
5000371,CANTAGALO
5000378,CANTAGALO
5000385,CORDEIRO
5000392,MIRACEMA
5000399,CORDEIRO
5000406,CORDEIRO
5000413,ITAOCARÁ
5000420,RIO BONITO
5000427,CORDEIRO
5000434,CANTAGALO
5000441,APERIBÉ
5000448,CANTAGALO
5000455,MIRACEMA
5000462,RIO BONITO
5000469,CANTAGALO
5000476,APERIBÉ
5000483,APERIBÉ
5000490,RIO BONITO
5000497,RIO BONITO
5000504,CANTAGALO
5000511,CANTAGALO
5000518,ITAOCARÁ
5000525,MIRACEMA
5000532,ITAOCARÁ
5000539,CANTAGALO
5000546,CANTAGALO
5000553,RIO BONITO
5000560,APERIBÉ
5000567,MIRACEMA
5000574,MIRACEMA
5000581,CORDEIRO
5000588,ITAOCARÁ
5000595,CANTAGALO
5000602,APERIBÉ
5000609,CANTAGALO
5000616,CANTAGALO
5000623,RIO BONITO
5000630,MIRACEMA
5000637,CANTAGALO
5000644,CANTAGALO
5000651,RIO BONITO
5000658,ITAOCARÁ
5000665,CANTAGALO
5000672,RIO BONITO
5000679,RIO BONITO
5000686,MIRACEMA
5000693,RIO BONITO
5000700,CORDEIRO
5000707,ITAOCARÁ
5000714,ITAOCARÁ
5000721,CANTAGALO
5000728,APERIBÉ
5000735,RIO BONITO
5000742,RIO BONITO
5000749,RIO BONITO
5000756,CANTAGALO
5000763,CORDEIRO
5000770,MIRACEMA
5000777,CANTAGALO
5000784,CORDEIRO
5000791,ITAOCARÁ
5000798,APERIBÉ
5000805,APERIBÉ
5000812,CORDEIRO
5000819,CORDEIRO
5000826,CANTAGALO
5000833,RIO BONITO
5000840,CORDEIRO
5000847,ITAOCARÁ
5000854,MIRACEMA
5000861,CANTAGALO
5000868,ITAOCARÁ
5000875,RIO BONITO
5000882,ITAOCARÁ
5000889,CANTAGALO
5000896,CORDEIRO
5000903,MIRACEMA
5000910,CANTAGALO
5000917,ITAOCARÁ
5000924,RIO BONITO
5000931,CANTAGALO
5000938,ITAOCARÁ
5000945,CORDEIRO
5000952,MIRACEMA
5000959,CANTAGALO
5000966,RIO BONITO
5000973,RIO BONITO
5000980,CANTAGALO
5000987,CORDEIRO
5000994,ITAOCARÁ
5001001,RIO BONITO
5001008,ITAOCARÁ
5001015,RIO BONITO
5001022,MIRACEMA
5001029,APERIBÉ
5001036,ITAOCARÁ
5001043,CANTAGALO
5001050,MIRACEMA
5001057,CORDEIRO
5001064,CORDEIRO
5001071,RIO BONITO
5001078,CORDEIRO
5001085,MIRACEMA
5001092,APERIBÉ
5001099,ITAOCARÁ
5001106,CORDEIRO
5001113,CANTAGALO
5001120,MIRACEMA
5001127,MIRACEMA
5001134,MIRACEMA
5001141,CORDEIRO
5001148,RIO BONITO
5001155,CANTAGALO
5001162,ITAOCARÁ
5001169,CORDEIRO
5001176,CANTAGALO
5001183,APERIBÉ
5001190,MIRACEMA
5001197,CANTAGALO
5001204,ITAOCARÁ
5001211,CORDEIRO
5001218,APERIBÉ
5001225,MIRACEMA
5001232,RIO BONITO
5001239,CORDEIRO
5001246,CANTAGALO
5001253,RIO BONITO
5001260,APERIBÉ
5001267,ITAOCARÁ
5001274,MIRACEMA
5001281,ITAOCARÁ
5001288,RIO BONITO
5001295,CORDEIRO
5001302,CANTAGALO
5001309,ITAOCARÁ
5001316,CANTAGALO
5001323,RIO BONITO
5001330,CORDEIRO
5001337,RIO BONITO
5001344,APERIBÉ
5001351,APERIBÉ
5001358,APERIBÉ
5001365,CORDEIRO
5001372,MIRACEMA
5001379,MIRACEMA
5001386,MIRACEMA
5001393,CANTAGALO
5001400,ITAOCARÁ
5001407,APERIBÉ
5001414,APERIBÉ
5001421,MIRACEMA
5001428,CANTAGALO
5001435,CORDEIRO
5001442,ITAOCARÁ
5001449,ITAOCARÁ
5001456,ITAOCARÁ
5001463,RIO BONITO
5001470,MIRACEMA
5001477,RIO BONITO
5001484,RIO BONITO
5001491,CANTAGALO
5001498,APERIBÉ
5001505,ITAOCARÁ
5001512,RIO BONITO
5001519,ITAOCARÁ
5001526,RIO BONITO
5001533,MIRACEMA
5001540,CORDEIRO
5001547,CANTAGALO
5001554,CANTAGALO
5001561,CANTAGALO
5001568,CORDEIRO
5001575,ITAOCARÁ
5001582,CANTAGALO
5001589,CANTAGALO
5001596,MIRACEMA
5001603,MIRACEMA
5001610,MIRACEMA
5001617,CANTAGALO
5001624,CORDEIRO
5001631,MIRACEMA
5001638,RIO BONITO
5001645,CORDEIRO
5001652,ITAOCARÁ
5001659,ITAOCARÁ
5001666,ITAOCARÁ
5001673,MIRACEMA
5001680,CANTAGALO
5001687,CANTAGALO
5001694,MIRACEMA
5001701,RIO BONITO
5001708,MIRACEMA
5001715,MIRACEMA
5001722,MIRACEMA
5001729,CORDEIRO
5001736,APERIBÉ
5001743,RIO BONITO
5001750,ITAOCARÁ
5001757,APERIBÉ
5001764,CORDEIRO
5001771,CORDEIRO
5001778,CORDEIRO
5001785,CORDEIRO
5001792,ITAOCARÁ
5001799,CANTAGALO
5001806,RIO BONITO
5001813,MIRACEMA
5001820,ITAOCARÁ
5001827,CANTAGALO
5001834,ITAOCARÁ
5001841,CANTAGALO
5001848,RIO BONITO
5001855,MIRACEMA
5001862,MIRACEMA
5001869,APERIBÉ
5001876,RIO BONITO
5001883,RIO BONITO
5001890,ITAOCARÁ
5001897,RIO BONITO
5001904,ITAOCARÁ
5001911,RIO BONITO
5001918,APERIBÉ
5001925,RIO BONITO
5001932,APERIBÉ
5001939,ITAOCARÁ
5001946,APERIBÉ
5001953,CORDEIRO
5001960,ITAOCARÁ
5001967,MIRACEMA
5001974,RIO BONITO
5001981,ITAOCARÁ
5001988,CORDEIRO
5001995,ITAOCARÁ
5002002,MIRACEMA
5002009,RIO BONITO
5002016,CANTAGALO
5002023,MIRACEMA
5002030,CANTAGALO
5002037,ITAOCARÁ
5002044,CORDEIRO
5002051,CANTAGALO
5002058,CORDEIRO
5002065,CORDEIRO
5002072,APERIBÉ
5002079,ITAOCARÁ
5002086,ITAOCARÁ
5002093,CORDEIRO
5002100,CANTAGALO
5002107,APERIBÉ
5002114,APERIBÉ
5002121,MIRACEMA
5002128,APERIBÉ
5002135,MIRACEMA
5002142,CORDEIRO
5002149,CANTAGALO
5002156,ITAOCARÁ
5002163,RIO BONITO
5002170,ITAOCARÁ
5002177,APERIBÉ
5002184,MIRACEMA
5002191,CORDEIRO
5002198,CORDEIRO
5002205,MIRACEMA
5002212,CANTAGALO
5002219,MIRACEMA
5002226,MIRACEMA
5002233,RIO BONITO
5002240,CANTAGALO
5002247,RIO BONITO
5002254,CANTAGALO
5002261,ITAOCARÁ
5002268,RIO BONITO
5002275,CANTAGALO
5002282,MIRACEMA
5002289,CANTAGALO
5002296,ITAOCARÁ
5002303,MIRACEMA
5002310,ITAOCARÁ
5002317,CORDEIRO
5002324,RIO BONITO
5002331,APERIBÉ
5002338,RIO BONITO
5002345,ITAOCARÁ
5002352,RIO BONITO
5002359,RIO BONITO
5002366,RIO BONITO
5002373,APERIBÉ
5002380,RIO BONITO
5002387,RIO BONITO
5002394,MIRACEMA
5002401,RIO BONITO
5002408,MIRACEMA
5002415,MIRACEMA
5002422,APERIBÉ
5002429,CANTAGALO
5002436,CANTAGALO
5002443,CANTAGALO
5002450,ITAOCARÁ
5002457,CANTAGALO
5002464,MIRACEMA
5002471,CANTAGALO
5002478,CORDEIRO
5002485,RIO BONITO
5002492,RIO BONITO
5002499,ITAOCARÁ
5002506,RIO BONITO
5002513,ITAOCARÁ
5002520,ITAOCARÁ
5002527,CANTAGALO
5002534,CORDEIRO
5002541,APERIBÉ
5002548,ITAOCARÁ
5002555,CORDEIRO
5002562,ITAOCARÁ
5002569,RIO BONITO
5002576,CORDEIRO
5002583,MIRACEMA
5002590,RIO BONITO
5002597,CANTAGALO
5002604,CANTAGALO
5002611,RIO BONITO
5002618,APERIBÉ
5002625,RIO BONITO
5002632,CANTAGALO
5002639,CANTAGALO
5002646,CORDEIRO
5002653,CANTAGALO
5002660,CORDEIRO
5002667,ITAOCARÁ
5002674,MIRACEMA
5002681,MIRACEMA
5002688,CORDEIRO
5002695,CANTAGALO
5002702,ITAOCARÁ
5002709,CORDEIRO
5002716,MIRACEMA
5002723,CANTAGALO
5002730,APERIBÉ
5002737,RIO BONITO
5002744,MIRACEMA
5002751,ITAOCARÁ
5002758,CORDEIRO
5002765,CANTAGALO
5002772,CANTAGALO
5002779,APERIBÉ
5002786,ITAOCARÁ
5002793,RIO BONITO
5002800,RIO BONITO
5002807,RIO BONITO
5002814,CORDEIRO
5002821,CANTAGALO
5002828,MIRACEMA
5002835,CANTAGALO
5002842,CORDEIRO
5002849,RIO BONITO
5002856,CANTAGALO
5002863,RIO BONITO
5002870,CANTAGALO
5002877,CORDEIRO
5002884,APERIBÉ
5002891,APERIBÉ
5002898,MIRACEMA
5002905,CORDEIRO
5002912,CANTAGALO
5002919,CORDEIRO
5002926,RIO BONITO
5002933,CANTAGALO
5002940,RIO BONITO
5002947,ITAOCARÁ
5002954,APERIBÉ
5002961,CANTAGALO
5002968,ITAOCARÁ
5002975,MIRACEMA
5002982,RIO BONITO
5002989,CORDEIRO
5002996,CANTAGALO
5003003,RIO BONITO
5003010,ITAOCARÁ
5003017,APERIBÉ
5003024,CANTAGALO
5003031,CORDEIRO
5003038,ITAOCARÁ
5003045,CORDEIRO
5003052,CANTAGALO
5003059,MIRACEMA
5003066,ITAOCARÁ
5003073,MIRACEMA
5003080,MIRACEMA
5003087,CANTAGALO
5003094,MIRACEMA
5003101,RIO BONITO
5003108,ITAOCARÁ
5003115,RIO BONITO
5003122,APERIBÉ
5003129,MIRACEMA
5003136,ITAOCARÁ
5003143,MIRACEMA
5003150,ITAOCARÁ
5003157,MIRACEMA
5003164,ITAOCARÁ
5003171,APERIBÉ
5003178,ITAOCARÁ
5003185,APERIBÉ
5003192,CORDEIRO
5003199,ITAOCARÁ
5003206,ITAOCARÁ
5003213,CORDEIRO
5003220,MIRACEMA
5003227,RIO BONITO
5003234,MIRACEMA
5003241,RIO BONITO
5003248,APERIBÉ
5003255,CORDEIRO
5003262,CANTAGALO
5003269,MIRACEMA
5003276,RIO BONITO
5003283,CANTAGALO
5003290,CORDEIRO
5003297,MIRACEMA
5003304,APERIBÉ
5003311,APERIBÉ
5003318,CORDEIRO
5003325,ITAOCARÁ
5003332,ITAOCARÁ
5003339,MIRACEMA
5003346,ITAOCARÁ
5003353,RIO BONITO
5003360,RIO BONITO
5003367,RIO BONITO
5003374,RIO BONITO
5003381,ITAOCARÁ
5003388,CANTAGALO
5003395,MIRACEMA
5003402,MIRACEMA
5003409,MIRACEMA
5003416,RIO BONITO
5003423,ITAOCARÁ
5003430,CORDEIRO
5003437,CANTAGALO
5003444,MIRACEMA
5003451,MIRACEMA
5003458,CANTAGALO
5003465,APERIBÉ
5003472,ITAOCARÁ
5003479,CANTAGALO
5003486,RIO BONITO
5003493,MIRACEMA
5003500,CORDEIRO
5003507,MIRACEMA
5003514,CORDEIRO
5003521,RIO BONITO
5003528,MIRACEMA
5003535,CORDEIRO
5003542,MIRACEMA
5003549,APERIBÉ
5003556,MIRACEMA
5003563,CANTAGALO
5003570,CORDEIRO
5003577,ITAOCARÁ
5003584,CANTAGALO
5003591,CORDEIRO
5003598,CORDEIRO
5003605,MIRACEMA
5003612,MIRACEMA
5003619,APERIBÉ
5003626,CANTAGALO
5003633,CORDEIRO
5003640,MIRACEMA
5003647,CANTAGALO
5003654,ITAOCARÁ
5003661,ITAOCARÁ
5003668,CANTAGALO
5003675,CORDEIRO
5003682,MIRACEMA
5003689,APERIBÉ
5003696,MIRACEMA
5003703,ITAOCARÁ
5003710,RIO BONITO
5003717,RIO BONITO
5003724,RIO BONITO
5003731,ITAOCARÁ
5003738,MIRACEMA
5003745,MIRACEMA
5003752,CANTAGALO
5003759,MIRACEMA
5003766,RIO BONITO
5003773,RIO BONITO
5003780,CORDEIRO
5003787,CANTAGALO
5003794,CORDEIRO
5003801,ITAOCARÁ
5003808,MIRACEMA
5003815,ITAOCARÁ
5003822,MIRACEMA
5003829,MIRACEMA
5003836,RIO BONITO
5003843,APERIBÉ
5003850,MIRACEMA
5003857,CORDEIRO
5003864,APERIBÉ
5003871,CORDEIRO
5003878,ITAOCARÁ
5003885,ITAOCARÁ
5003892,ITAOCARÁ
5003899,ITAOCARÁ
5003906,MIRACEMA
5003913,CANTAGALO
5003920,CORDEIRO
5003927,CANTAGALO
5003934,CANTAGALO
5003941,MIRACEMA
5003948,MIRACEMA
5003955,MIRACEMA
5003962,MIRACEMA
5003969,RIO BONITO
5003976,RIO BONITO
5003983,CORDEIRO
5003990,MIRACEMA
5003997,RIO BONITO
5004004,RIO BONITO
5004011,CANTAGALO
5004018,APERIBÉ
5004025,CORDEIRO
5004032,CANTAGALO
5004039,MIRACEMA
5004046,APERIBÉ
5004053,MIRACEMA
5004060,CANTAGALO
5004067,CANTAGALO
5004074,CANTAGALO
5004081,ITAOCARÁ
5004088,MIRACEMA
5004095,RIO BONITO
5004102,CANTAGALO
5004109,CANTAGALO
5004116,RIO BONITO
5004123,MIRACEMA
5004130,RIO BONITO
5004137,APERIBÉ
5004144,CANTAGALO
5004151,CANTAGALO
5004158,CORDEIRO
5004165,CANTAGALO
5004172,RIO BONITO
5004179,ITAOCARÁ
5004186,CORDEIRO
5004193,ITAOCARÁ
5004200,ITAOCARÁ
5004207,CORDEIRO
5004214,ITAOCARÁ
5004221,CORDEIRO
5004228,ITAOCARÁ
5004235,RIO BONITO
5004242,MIRACEMA
5004249,MIRACEMA
5004256,CANTAGALO
5004263,APERIBÉ
5004270,APERIBÉ
5004277,MIRACEMA
5004284,CORDEIRO
5004291,MIRACEMA
5004298,CORDEIRO
5004305,CANTAGALO
5004312,CANTAGALO
5004319,CANTAGALO
5004326,CORDEIRO
5004333,MIRACEMA
5004340,APERIBÉ
5004347,CANTAGALO
5004354,APERIBÉ
5004361,ITAOCARÁ
5004368,CORDEIRO
5004375,MIRACEMA
5004382,ITAOCARÁ
5004389,CORDEIRO
5004396,CORDEIRO
5004403,CORDEIRO
5004410,CANTAGALO
5004417,ITAOCARÁ
5004424,ITAOCARÁ
5004431,MIRACEMA
5004438,ITAOCARÁ
5004445,CORDEIRO
5004452,MIRACEMA
5004459,ITAOCARÁ
5004466,APERIBÉ
5004473,APERIBÉ
5004480,RIO BONITO
5004487,CORDEIRO
5004494,MIRACEMA
5004501,RIO BONITO
5004508,MIRACEMA
5004515,CORDEIRO
5004522,RIO BONITO
5004529,APERIBÉ
5004536,APERIBÉ
5004543,RIO BONITO
5004550,ITAOCARÁ
5004557,RIO BONITO
5004564,CANTAGALO
5004571,APERIBÉ
5004578,RIO BONITO
5004585,CANTAGALO
5004592,CORDEIRO
5004599,RIO BONITO
5004606,ITAOCARÁ
5004613,CORDEIRO
5004620,CORDEIRO
5004627,ITAOCARÁ
5004634,CANTAGALO
5004641,CORDEIRO
5004648,CORDEIRO
5004655,CANTAGALO
5004662,MIRACEMA
5004669,RIO BONITO
5004676,RIO BONITO
5004683,CORDEIRO
5004690,RIO BONITO
5004697,ITAOCARÁ
5004704,RIO BONITO
5004711,ITAOCARÁ
5004718,MIRACEMA
5004725,APERIBÉ
5004732,CORDEIRO
5004739,CANTAGALO
5004746,RIO BONITO
5004753,RIO BONITO
5004760,CANTAGALO
5004767,CORDEIRO
5004774,ITAOCARÁ
5004781,CANTAGALO
5004788,RIO BONITO
5004795,APERIBÉ
5004802,CANTAGALO
5004809,CANTAGALO
5004816,RIO BONITO
5004823,ITAOCARÁ
5004830,MIRACEMA
5004837,MIRACEMA
5004844,ITAOCARÁ
5004851,APERIBÉ
5004858,MIRACEMA
5004865,RIO BONITO
5004872,CANTAGALO
5004879,CANTAGALO
5004886,CORDEIRO
5004893,MIRACEMA
5004900,CORDEIRO
5004907,CANTAGALO
5004914,CORDEIRO
5004921,RIO BONITO
5004928,CANTAGALO
5004935,APERIBÉ
5004942,CANTAGALO
5004949,CANTAGALO
5004956,APERIBÉ
5004963,CANTAGALO
5004970,CORDEIRO
5004977,RIO BONITO
5004984,CORDEIRO
5004991,CORDEIRO
5004998,CORDEIRO
5005005,CANTAGALO
5005012,MIRACEMA
5005019,RIO BONITO
5005026,ITAOCARÁ
5005033,CORDEIRO
5005040,CANTAGALO
5005047,CORDEIRO
5005054,RIO BONITO
5005061,RIO BONITO
5005068,ITAOCARÁ
5005075,MIRACEMA
5005082,CANTAGALO
5005089,MIRACEMA
5005096,RIO BONITO
5005103,ITAOCARÁ
5005110,APERIBÉ
5005117,CANTAGALO
5005124,RIO BONITO
5005131,APERIBÉ
5005138,CANTAGALO
5005145,CANTAGALO
5005152,APERIBÉ
5005159,ITAOCARÁ
5005166,CANTAGALO
5005173,CANTAGALO
5005180,CANTAGALO
5005187,CORDEIRO
5005194,RIO BONITO
5005201,APERIBÉ
5005208,CORDEIRO
5005215,APERIBÉ
5005222,CORDEIRO
5005229,MIRACEMA
5005236,CANTAGALO
5005243,MIRACEMA
5005250,APERIBÉ
5005257,ITAOCARÁ
5005264,CORDEIRO
5005271,CANTAGALO
5005278,CANTAGALO
5005285,RIO BONITO
5005292,CORDEIRO
5005299,APERIBÉ
5005306,MIRACEMA
5005313,CORDEIRO
5005320,CORDEIRO
5005327,APERIBÉ
5005334,CORDEIRO
5005341,CORDEIRO
5005348,RIO BONITO
5005355,APERIBÉ
5005362,CORDEIRO
5005369,MIRACEMA
5005376,MIRACEMA
5005383,ITAOCARÁ
5005390,CANTAGALO
5005397,RIO BONITO
5005404,CORDEIRO
5005411,CORDEIRO
5005418,RIO BONITO
5005425,MIRACEMA
5005432,RIO BONITO
5005439,ITAOCARÁ
5005446,CANTAGALO
5005453,RIO BONITO
5005460,CANTAGALO
5005467,CORDEIRO
5005474,RIO BONITO
5005481,RIO BONITO
5005488,ITAOCARÁ
5005495,RIO BONITO
5005502,CANTAGALO
5005509,RIO BONITO
5005516,RIO BONITO
5005523,RIO BONITO
5005530,RIO BONITO
5005537,ITAOCARÁ
5005544,RIO BONITO
5005551,CORDEIRO
5005558,CORDEIRO
5005565,ITAOCARÁ
5005572,MIRACEMA
5005579,CORDEIRO
5005586,CANTAGALO
5005593,CORDEIRO
5005600,RIO BONITO
5005607,CORDEIRO
5005614,ITAOCARÁ
5005621,CANTAGALO
5005628,CANTAGALO
5005635,CANTAGALO
5005642,CANTAGALO
5005649,CANTAGALO
5005656,CORDEIRO
5005663,MIRACEMA
5005670,CANTAGALO
5005677,APERIBÉ
5005684,MIRACEMA
5005691,CORDEIRO
5005698,APERIBÉ
5005705,CORDEIRO
5005712,ITAOCARÁ
5005719,MIRACEMA
5005726,MIRACEMA
5005733,CANTAGALO
5005740,CANTAGALO
5005747,MIRACEMA
5005754,MIRACEMA
5005761,CANTAGALO
5005768,CORDEIRO
5005775,CORDEIRO
5005782,MIRACEMA
5005789,ITAOCARÁ
5005796,CORDEIRO
5005803,RIO BONITO
5005810,RIO BONITO
5005817,ITAOCARÁ
5005824,ITAOCARÁ
5005831,CANTAGALO
5005838,ITAOCARÁ
5005845,ITAOCARÁ
5005852,MIRACEMA
5005859,CANTAGALO
5005866,CORDEIRO
5005873,CORDEIRO
5005880,APERIBÉ
5005887,RIO BONITO
5005894,CANTAGALO
5005901,APERIBÉ
5005908,CANTAGALO
5005915,CANTAGALO
5005922,APERIBÉ
5005929,ITAOCARÁ
5005936,CANTAGALO
5005943,ITAOCARÁ
5005950,MIRACEMA
5005957,APERIBÉ
5005964,MIRACEMA
5005971,MIRACEMA
5005978,ITAOCARÁ
5005985,ITAOCARÁ
5005992,CANTAGALO
5005999,MIRACEMA
5006006,CANTAGALO
5006013,RIO BONITO
5006020,MIRACEMA
5006027,ITAOCARÁ
5006034,ITAOCARÁ
5006041,CANTAGALO
5006048,MIRACEMA
5006055,CANTAGALO
5006062,RIO BONITO
5006069,CANTAGALO
5006076,CANTAGALO
5006083,ITAOCARÁ
5006090,CORDEIRO
5006097,CORDEIRO
5006104,CANTAGALO
5006111,MIRACEMA
5006118,APERIBÉ
5006125,MIRACEMA
5006132,APERIBÉ
5006139,MIRACEMA
5006146,CORDEIRO
5006153,CANTAGALO
5006160,CORDEIRO
5006167,CANTAGALO
5006174,CORDEIRO
5006181,RIO BONITO
5006188,APERIBÉ
5006195,CORDEIRO
5006202,APERIBÉ
5006209,MIRACEMA
5006216,ITAOCARÁ
5006223,ITAOCARÁ
5006230,RIO BONITO
5006237,MIRACEMA
5006244,ITAOCARÁ
5006251,APERIBÉ
5006258,MIRACEMA
5006265,MIRACEMA
5006272,CORDEIRO
5006279,CANTAGALO
5006286,CORDEIRO
5006293,MIRACEMA
5006300,ITAOCARÁ
5006307,ITAOCARÁ
5006314,ITAOCARÁ
5006321,APERIBÉ
5006328,RIO BONITO
5006335,ITAOCARÁ
5006342,CORDEIRO
5006349,CORDEIRO
5006356,APERIBÉ
5006363,CANTAGALO
5006370,CANTAGALO
5006377,APERIBÉ
5006384,CANTAGALO
5006391,MIRACEMA
5006398,CANTAGALO
5006405,RIO BONITO
5006412,ITAOCARÁ
5006419,MIRACEMA
5006426,RIO BONITO
5006433,MIRACEMA
5006440,CANTAGALO
5006447,CORDEIRO
5006454,CANTAGALO
5006461,MIRACEMA
5006468,CORDEIRO
5006475,APERIBÉ
5006482,CANTAGALO
5006489,APERIBÉ
5006496,APERIBÉ
5006503,CANTAGALO
5006510,CORDEIRO
5006517,MIRACEMA
5006524,CORDEIRO
5006531,CANTAGALO
5006538,MIRACEMA
5006545,MIRACEMA
5006552,APERIBÉ
5006559,RIO BONITO
5006566,CANTAGALO
5006573,CANTAGALO
5006580,RIO BONITO
5006587,RIO BONITO
5006594,MIRACEMA
5006601,ITAOCARÁ
5006608,RIO BONITO
5006615,CANTAGALO
5006622,RIO BONITO
5006629,MIRACEMA
5006636,APERIBÉ
5006643,MIRACEMA
5006650,APERIBÉ
5006657,APERIBÉ
5006664,CANTAGALO
5006671,RIO BONITO
5006678,RIO BONITO
5006685,ITAOCARÁ
5006692,CANTAGALO
5006699,APERIBÉ
5006706,RIO BONITO
5006713,RIO BONITO
5006720,CORDEIRO
5006727,MIRACEMA
5006734,CORDEIRO
5006741,CANTAGALO
5006748,CANTAGALO
5006755,ITAOCARÁ
5006762,APERIBÉ
5006769,MIRACEMA
5006776,CORDEIRO
5006783,CORDEIRO
5006790,CORDEIRO
5006797,MIRACEMA
5006804,CORDEIRO
5006811,CANTAGALO
5006818,CANTAGALO
5006825,RIO BONITO
5006832,CANTAGALO
5006839,APERIBÉ
5006846,MIRACEMA
5006853,RIO BONITO
5006860,CORDEIRO
5006867,CORDEIRO
5006874,MIRACEMA
5006881,CORDEIRO
5006888,CANTAGALO
5006895,CORDEIRO
5006902,CORDEIRO
5006909,ITAOCARÁ
5006916,RIO BONITO
5006923,CANTAGALO
5006930,CANTAGALO
5006937,CANTAGALO
5006944,CORDEIRO
5006951,MIRACEMA
5006958,CORDEIRO
5006965,APERIBÉ
5006972,RIO BONITO
5006979,CORDEIRO
5006986,RIO BONITO
5006993,ITAOCARÁ
5007000,APERIBÉ
5007007,RIO BONITO
5007014,CORDEIRO
5007021,ITAOCARÁ
5007028,APERIBÉ
5007035,RIO BONITO
5007042,APERIBÉ
5007049,CORDEIRO
5007056,CANTAGALO
5007063,ITAOCARÁ
5007070,RIO BONITO
5007077,APERIBÉ
5007084,APERIBÉ
5007091,CORDEIRO
5007098,ITAOCARÁ
5007105,CANTAGALO
5007112,APERIBÉ
5007119,MIRACEMA
5007126,CORDEIRO
5007133,RIO BONITO
5007140,CANTAGALO
5007147,ITAOCARÁ
5007154,MIRACEMA
5007161,ITAOCARÁ
5007168,ITAOCARÁ
5007175,ITAOCARÁ
5007182,APERIBÉ
5007189,ITAOCARÁ
5007196,APERIBÉ
5007203,CANTAGALO
5007210,CANTAGALO
5007217,CANTAGALO
5007224,MIRACEMA
5007231,RIO BONITO
5007238,RIO BONITO
5007245,MIRACEMA
5007252,ITAOCARÁ
5007259,CANTAGALO
5007266,MIRACEMA
5007273,APERIBÉ
5007280,CORDEIRO
5007287,CANTAGALO
5007294,CANTAGALO
5007301,MIRACEMA
5007308,ITAOCARÁ
5007315,RIO BONITO
5007322,MIRACEMA
5007329,RIO BONITO
5007336,ITAOCARÁ
5007343,APERIBÉ
5007350,APERIBÉ
5007357,CANTAGALO
5007364,RIO BONITO
5007371,MIRACEMA
5007378,RIO BONITO
5007385,MIRACEMA
5007392,RIO BONITO
5007399,CANTAGALO
5007406,MIRACEMA
5007413,MIRACEMA
5007420,RIO BONITO
5007427,CANTAGALO
5007434,ITAOCARÁ
5007441,APERIBÉ
5007448,APERIBÉ
5007455,APERIBÉ
5007462,APERIBÉ
5007469,CORDEIRO
5007476,APERIBÉ
5007483,RIO BONITO
5007490,APERIBÉ
5007497,ITAOCARÁ
5007504,CANTAGALO
5007511,CANTAGALO
5007518,APERIBÉ
5007525,ITAOCARÁ
5007532,APERIBÉ
5007539,MIRACEMA
5007546,MIRACEMA
5007553,CANTAGALO
5007560,APERIBÉ
5007567,APERIBÉ
5007574,CANTAGALO
5007581,RIO BONITO
5007588,MIRACEMA
5007595,RIO BONITO
5007602,ITAOCARÁ
5007609,CORDEIRO
5007616,MIRACEMA
5007623,MIRACEMA
5007630,MIRACEMA
5007637,RIO BONITO
5007644,ITAOCARÁ
5007651,CORDEIRO
5007658,MIRACEMA
5007665,CORDEIRO
5007672,MIRACEMA
5007679,ITAOCARÁ
5007686,RIO BONITO
5007693,RIO BONITO
5007700,CANTAGALO
5007707,CORDEIRO
5007714,CANTAGALO
5007721,CANTAGALO
5007728,CANTAGALO
5007735,MIRACEMA
5007742,CORDEIRO
5007749,APERIBÉ
5007756,CORDEIRO
5007763,RIO BONITO
5007770,RIO BONITO
5007777,ITAOCARÁ
5007784,CORDEIRO
5007791,CANTAGALO
5007798,ITAOCARÁ
5007805,APERIBÉ
5007812,CORDEIRO
5007819,RIO BONITO
5007826,CANTAGALO
5007833,CORDEIRO
5007840,ITAOCARÁ
5007847,MIRACEMA
5007854,RIO BONITO
5007861,CANTAGALO
5007868,RIO BONITO
5007875,APERIBÉ
5007882,RIO BONITO
5007889,APERIBÉ
5007896,CORDEIRO
5007903,CANTAGALO
5007910,RIO BONITO
5007917,CORDEIRO
5007924,APERIBÉ
5007931,CORDEIRO
5007938,APERIBÉ
5007945,CANTAGALO
5007952,ITAOCARÁ
5007959,APERIBÉ
5007966,CANTAGALO
5007973,ITAOCARÁ
5007980,MIRACEMA
5007987,ITAOCARÁ
5007994,ITAOCARÁ
5008001,APERIBÉ
5008008,MIRACEMA
5008015,ITAOCARÁ
5008022,CANTAGALO
5008029,CORDEIRO
5008036,MIRACEMA
5008043,ITAOCARÁ
5008050,ITAOCARÁ
5008057,CORDEIRO
5008064,CORDEIRO
5008071,APERIBÉ
5008078,CORDEIRO
5008085,APERIBÉ
5008092,CORDEIRO
5008099,RIO BONITO
5008106,APERIBÉ
5008113,ITAOCARÁ
5008120,MIRACEMA
5008127,MIRACEMA
5008134,MIRACEMA
5008141,CORDEIRO
5008148,CANTAGALO
5008155,CORDEIRO
5008162,CANTAGALO
5008169,ITAOCARÁ
5008176,APERIBÉ
5008183,MIRACEMA
5008190,ITAOCARÁ
5008197,CORDEIRO
5008204,CORDEIRO
5008211,CANTAGALO
5008218,ITAOCARÁ
5008225,APERIBÉ
5008232,CANTAGALO
5008239,CANTAGALO
5008246,MIRACEMA
5008253,ITAOCARÁ
5008260,RIO BONITO
5008267,CANTAGALO
5008274,RIO BONITO
5008281,CANTAGALO
5008288,CANTAGALO
5008295,MIRACEMA
5008302,RIO BONITO
5008309,CANTAGALO
5008316,RIO BONITO
5008323,MIRACEMA
5008330,RIO BONITO
5008337,ITAOCARÁ
5008344,CANTAGALO
5008351,RIO BONITO
5008358,RIO BONITO
5008365,CORDEIRO
5008372,APERIBÉ
5008379,RIO BONITO
5008386,RIO BONITO
5008393,ITAOCARÁ
